fixed acidity;volatile acidity;citric acid;residual sugar;chlorides;free sulfur dioxide;total sulfur dioxide;density;pH;sulphates;alcohol;quality
8.3;0.27;0.45;1.3;0.048;8.0;72.0;0.9944;3.08;0.61;10.3;4
8.2;0.26;0.44;1.3;0.046;7.0;69.0;0.9944;3.14;0.62;10.2;4
9.2;0.19;0.42;2.0;0.047;16.0;104.0;0.99517;3.09;0.66;10.0;4
9.4;0.29;0.55;2.2;0.05;17.0;119.0;0.9962;3.12;0.69;10.3;4
8.4;0.19;0.42;1.6;0.047;9.0;101.0;0.994;3.06;0.65;11.1;4
8.7;0.3;0.59;1.7;0.046;10.0;70.0;0.99373;3.06;0.56;10.8;4
9.2;0.16;0.49;2.0;0.044;18.0;107.0;0.99514;3.1;0.53;10.2;4
9.2;0.22;0.4;2.4;0.054;18.0;151.0;0.9952;3.04;0.46;9.3;4
9.3;0.2;0.33;1.7;0.05;28.0;178.0;0.9954;3.16;0.43;9.0;4
8.6;0.34;0.36;1.4;0.045;11.0;119.0;0.99556;3.17;0.47;9.4;4
8.6;0.34;0.36;1.4;0.045;11.0;119.0;0.99556;3.17;0.47;9.4;4
7.5;0.32;0.24;4.6;0.053;8.0;134.0;0.9958;3.14;0.5;9.1;4
7.6;0.31;0.23;12.7;0.054;20.0;139.0;0.99836;3.16;0.5;9.7;4
7.6;0.31;0.23;12.7;0.054;20.0;139.0;0.99836;3.16;0.5;9.7;4
7.5;0.29;0.26;14.95;0.067;47.0;178.0;0.99838;3.04;0.49;9.2;4
7.6;0.23;0.26;15.3;0.067;32.0;166.0;0.9986;3.03;0.44;9.2;4
8.5;0.26;0.21;16.2;0.074;41.0;197.0;0.998;3.02;0.5;9.8;4
6.4;0.34;0.2;14.9;0.06;37.0;162.0;0.9983;3.13;0.45;9.0;4
6.4;0.34;0.2;14.9;0.06;37.0;162.0;0.9983;3.13;0.45;9.0;4
6.1;0.28;0.25;12.9;0.054;34.0;189.0;0.9979;3.25;0.43;9.0;4
6.6;0.31;0.37;6.2;0.052;13.0;164.0;0.99602;3.24;0.39;8.8;4
6.5;0.27;0.19;4.2;0.046;6.0;114.0;0.9955;3.25;0.35;8.6;4
6.9;0.32;0.16;1.4;0.051;15.0;96.0;0.994;3.22;0.38;9.5;4
8.0;0.32;0.26;1.2;0.05;11.5;88.0;0.9946;3.24;0.37;9.5;4
7.6;0.26;0.36;1.6;0.032;6.0;106.0;0.993;3.15;0.4;10.4;4
8.0;0.16;0.36;1.5;0.033;14.0;122.0;0.9941;3.2;0.39;10.3;4
7.3;0.28;0.42;1.2;0.033;29.0;142.0;0.99205;3.17;0.43;10.7;4
7.1;0.24;0.34;1.2;0.045;6.0;132.0;0.99132;3.16;0.46;11.2;4
7.6;0.21;0.35;1.2;0.041;7.0;106.0;0.9914;3.06;0.45;11.3;4
6.7;0.22;0.22;1.2;0.038;5.0;124.0;0.99098;3.1;0.37;11.2;4
6.8;0.2;0.27;1.2;0.034;19.0;68.0;0.9902;3.14;0.37;11.7;4
7.9;0.28;0.32;3.6;0.038;9.0;76.0;0.992;3.05;0.31;11.7;4
7.5;0.34;0.24;3.85;0.031;5.0;34.0;0.99098;3.01;0.36;11.8;4
8.4;0.29;0.29;1.05;0.032;4.0;55.0;0.9908;2.91;0.32;11.4;4
7.1;0.27;0.28;1.25;0.023;3.0;89.0;0.98993;2.95;0.3;11.4;4
6.3;0.28;0.22;9.5;0.04;30.0;111.0;0.99338;3.05;0.31;10.8;4
6.3;0.39;0.24;6.9;0.069;9.0;117.0;0.9942;3.15;0.35;10.2;4
6.6;0.35;0.19;10.5;0.06;15.0;82.0;0.99588;3.13;0.38;9.9;4
6.1;0.38;0.14;3.9;0.06;27.0;113.0;0.99344;3.07;0.34;9.2;4
6.1;0.38;0.14;3.9;0.06;27.0;113.0;0.99344;3.07;0.34;9.2;4
7.0;0.39;0.24;1.0;0.048;8.0;119.0;0.9923;3.0;0.31;10.1;4
6.8;0.32;0.34;1.2;0.044;14.0;67.0;0.9919;3.05;0.47;10.6;4
7.6;0.48;0.37;1.2;0.034;5.0;57.0;0.99256;3.05;0.54;10.4;4
7.3;0.38;0.23;6.5;0.05;18.0;102.0;0.99304;3.1;0.55;11.2;4
8.7;0.31;0.21;5.6;0.039;28.0;67.0;0.99328;2.96;0.52;11.0;4
7.4;0.28;0.4;11.9;0.032;13.0;92.0;0.99629;3.01;0.46;10.8;4
8.5;0.17;0.49;8.8;0.048;23.0;108.0;0.9947;2.88;0.34;10.5;4
8.5;0.2;0.4;1.1;0.046;31.0;106.0;0.99194;3.0;0.35;10.5;4
8.5;0.18;0.3;1.1;0.028;34.0;95.0;0.99272;2.83;0.36;10.0;4
9.2;0.35;0.39;0.9;0.042;15.0;61.0;0.9924;2.96;0.28;10.4;4
8.8;0.35;0.49;1.0;0.036;14.0;56.0;0.992;2.96;0.33;10.5;4
8.5;0.22;0.34;0.7;0.04;5.0;25.0;0.9918;3.04;0.37;10.5;4
10.3;0.17;0.47;1.4;0.037;5.0;33.0;0.9939;2.89;0.28;9.6;4
9.8;0.36;0.46;10.5;0.038;4.0;83.0;0.9956;2.89;0.3;10.1;4
9.2;0.28;0.49;11.8;0.042;29.0;137.0;0.998;3.1;0.34;10.1;4
8.2;0.29;0.49;1.0;0.044;29.0;118.0;0.9928;3.24;0.36;10.9;4
6.2;0.23;0.35;0.7;0.051;24.0;111.0;0.9916;3.37;0.43;11.0;4
6.8;0.27;0.29;4.6;0.046;6.0;88.0;0.99458;3.34;0.48;10.6;4
7.0;0.24;0.18;1.3;0.046;9.0;62.0;0.994;3.38;0.47;10.1;4
6.6;0.38;0.18;1.2;0.042;20.0;84.0;0.9927;3.22;0.45;10.1;4
6.5;0.48;0.02;0.9;0.043;32.0;99.0;0.99226;3.14;0.47;9.8;4
6.2;0.53;0.02;0.9;0.035;6.0;81.0;0.99234;3.24;0.35;9.5;4
6.1;0.6;0.0;1.3;0.042;24.0;79.0;0.9937;3.31;0.38;9.4;4
6.4;0.595;0.14;5.2;0.058;15.0;97.0;0.9951;3.38;0.36;9.0;4
6.8;0.64;0.08;9.7;0.062;26.0;142.0;0.9972;3.37;0.46;8.9;4
7.0;0.57;0.1;8.3;0.094;23.0;188.0;0.9972;3.4;0.47;9.2;4
7.6;0.56;0.12;10.4;0.096;22.0;177.0;0.9983;3.32;0.45;9.1;4
7.2;0.615;0.1;1.4;0.068;25.0;154.0;0.99499;3.2;0.48;9.7;4
6.8;0.63;0.04;1.3;0.058;25.0;133.0;0.99271;3.17;0.39;10.2;4
6.8;0.63;0.04;1.3;0.058;25.0;133.0;0.99271;3.17;0.39;10.2;4
6.0;0.59;0.0;0.8;0.037;30.0;95.0;0.99032;3.1;0.4;10.9;4
6.0;0.615;0.04;0.8;0.032;8.0;50.0;0.99036;3.14;0.4;11.0;4
5.9;0.655;0.0;5.6;0.033;8.0;31.0;0.9936;3.32;0.51;10.5;4
6.1;0.6;0.12;1.8;0.05;11.0;76.0;0.99268;3.42;0.48;10.4;4
5.3;0.47;0.1;1.3;0.036;11.0;74.0;0.99082;3.48;0.54;11.2;4
5.3;0.43;0.11;1.1;0.029;6.0;51.0;0.99076;3.51;0.48;11.2;4
5.2;0.405;0.15;1.45;0.038;10.0;44.0;0.99125;3.52;0.4;11.6;4
6.0;0.395;0.0;1.4;0.042;7.0;55.0;0.99135;3.37;0.38;11.2;4
6.0;0.33;0.18;3.0;0.036;5.0;85.0;0.99125;3.28;0.4;11.5;4
5.8;0.36;0.38;0.9;0.037;3.0;75.0;0.9904;3.28;0.34;11.4;4
6.0;0.35;0.46;0.9;0.033;9.0;65.0;0.98934;3.24;0.35;12.1;4
6.3;0.24;0.37;1.8;0.031;6.0;61.0;0.9897;3.3;0.34;12.2;4
6.9;0.39;0.4;4.6;0.022;5.0;19.0;0.9915;3.31;0.37;12.6;4
7.1;0.32;0.32;11.0;0.038;16.0;66.0;0.9937;3.24;0.4;11.5;4
7.3;0.49;0.32;5.2;0.043;18.0;104.0;0.9952;3.24;0.45;10.7;4
7.4;0.45;0.32;7.1;0.044;17.0;117.0;0.9962;3.32;0.41;10.4;4
7.6;0.33;0.36;2.1;0.034;26.0;172.0;0.9944;3.42;0.48;10.5;4
6.9;0.3;0.36;4.5;0.054;31.0;203.0;0.99513;3.4;0.57;10.4;4
6.9;0.3;0.29;1.3;0.053;24.0;189.0;0.99362;3.29;0.54;9.9;4
6.9;0.3;0.3;1.3;0.053;24.0;186.0;0.99361;3.29;0.54;9.9;4
6.9;0.2;0.34;1.9;0.043;25.0;136.0;0.9935;3.31;0.6;10.1;4
7.1;0.21;0.28;2.7;0.034;23.0;111.0;0.99405;3.35;0.64;10.2;4
7.1;0.21;0.28;2.7;0.034;23.0;111.0;0.99405;3.35;0.64;10.2;4
5.8;0.28;0.35;2.3;0.053;36.0;114.0;0.9924;3.28;0.5;10.2;4
5.8;0.28;0.18;1.2;0.058;7.0;108.0;0.99288;3.23;0.58;9.55;4
6.4;0.43;0.27;1.1;0.054;5.0;110.0;0.9939;3.24;0.52;9.1;4
6.2;0.43;0.49;6.4;0.045;12.0;115.0;0.9963;3.27;0.57;9.0;4
6.4;0.35;0.35;5.6;0.034;9.0;148.0;0.99441;3.17;0.5;9.8;4
6.3;0.27;0.51;7.6;0.049;35.0;200.0;0.99548;3.16;0.54;9.4;4
6.3;0.27;0.51;7.6;0.049;35.0;200.0;0.99548;3.16;0.54;9.4;4
6.5;0.28;0.35;9.8;0.067;61.0;180.0;0.9972;3.15;0.57;9.0;4
6.5;0.28;0.28;8.5;0.047;54.0;210.0;0.9962;3.09;0.54;8.9;4
7.3;0.36;0.54;13.3;0.054;63.0;193.0;0.99864;3.06;0.49;8.6;4
7.2;0.4;0.62;10.8;0.041;70.0;189.0;0.9976;3.08;0.49;8.6;4
7.2;0.4;0.62;10.8;0.041;70.0;189.0;0.9976;3.08;0.49;8.6;4
7.7;0.28;0.63;11.1;0.039;58.0;179.0;0.9979;3.08;0.44;8.8;4
7.5;0.26;0.59;11.8;0.046;58.0;164.0;0.99814;3.17;0.46;8.9;4
7.6;0.31;0.49;13.4;0.062;50.0;191.0;0.9989;3.22;0.53;9.0;4
8.1;0.28;0.46;15.4;0.059;32.0;177.0;1.0004;3.27;0.58;9.0;4
8.0;0.23;0.37;9.6;0.054;23.0;159.0;0.99795;3.32;0.47;9.8;4
6.8;0.26;0.34;15.1;0.06;42.0;162.0;0.99705;3.24;0.52;10.5;4
6.1;0.2;0.34;9.5;0.041;38.0;201.0;0.995;3.14;0.44;10.1;4
6.2;0.45;0.26;4.4;0.063;63.0;206.0;0.994;3.27;0.52;9.8;4
6.3;0.6;0.44;11.0;0.05;50.0;245.0;0.9972;3.19;0.57;9.3;4
6.8;0.44;0.37;5.1;0.047;46.0;201.0;0.9938;3.08;0.65;10.5;4
7.1;0.23;0.24;5.4;0.039;60.0;196.0;0.9948;3.19;0.78;10.0;4
7.4;0.17;0.4;5.5;0.037;34.0;161.0;0.9935;3.05;0.62;11.5;4
7.4;0.27;0.31;2.4;0.014;15.0;143.0;0.99094;3.03;0.65;12.0;4
6.9;0.41;0.22;4.2;0.031;10.0;102.0;0.993;3.0;0.86;11.6;4
6.9;0.39;0.22;4.3;0.03;10.0;102.0;0.993;3.0;0.87;11.6;4
6.5;0.32;0.48;8.0;0.026;18.0;88.0;0.99144;3.22;0.79;12.7;4
7.2;0.31;0.46;5.0;0.04;3.0;29.0;0.9906;3.04;0.53;12.5;4
7.2;0.32;0.47;5.1;0.044;19.0;65.0;0.991;3.03;0.41;12.6;4
8.3;0.33;0.42;1.15;0.033;18.0;96.0;0.9911;3.2;0.32;12.4;4
7.6;0.48;0.37;0.8;0.037;4.0;100.0;0.9902;3.03;0.39;11.4;4
6.8;0.73;0.2;6.6;0.054;25.0;65.0;0.99324;3.12;0.28;11.1;4
6.9;0.75;0.13;6.3;0.036;19.0;50.0;0.99312;3.09;0.25;11.1;4
8.0;0.55;0.17;8.2;0.04;13.0;60.0;0.9956;3.09;0.3;9.5;4
7.1;0.53;0.24;0.8;0.029;29.0;86.0;0.993;3.16;0.32;9.1;4
7.2;0.5;0.0;0.8;0.034;46.0;114.0;0.9932;3.19;0.34;9.2;4
6.0;0.67;0.07;1.2;0.06;9.0;108.0;0.9931;3.11;0.35;8.7;4
6.7;0.54;0.27;7.1;0.049;8.0;178.0;0.99502;3.16;0.38;9.4;4
6.7;0.54;0.27;7.1;0.049;8.0;178.0;0.99502;3.16;0.38;9.4;4
9.0;0.43;0.3;1.5;0.05;7.0;175.0;0.9951;3.11;0.45;9.7;4
9.1;0.59;0.38;1.6;0.066;34.0;182.0;0.9968;3.23;0.38;8.5;4
7.2;0.55;0.09;1.5;0.108;16.0;151.0;0.9938;3.07;0.57;9.2;4
6.4;0.37;0.12;5.9;0.056;6.0;91.0;0.99536;3.06;0.46;8.4;4
6.9;0.25;0.24;3.6;0.057;13.0;85.0;0.9942;2.99;0.48;9.5;4
6.9;0.25;0.24;3.6;0.057;13.0;85.0;0.9942;2.99;0.48;9.5;4
5.6;0.18;0.29;2.3;0.04;5.0;47.0;0.99126;3.07;0.45;10.1;4
6.9;0.19;0.6;4.0;0.037;6.0;122.0;0.99255;2.92;0.59;10.4;4
6.5;0.33;0.72;1.1;0.061;7.0;151.0;0.993;3.09;0.57;9.5;4
6.5;0.38;0.53;1.4;0.142;5.0;69.0;0.9926;3.14;0.52;10.1;4
6.5;0.29;0.25;2.5;0.142;8.0;111.0;0.9927;3.0;0.44;9.9;4
5.3;0.3;0.2;1.1;0.077;48.0;166.0;0.9944;3.3;0.54;8.7;4
4.2;0.215;0.23;5.1;0.041;64.0;157.0;0.99688;3.42;0.44;8.0;4
7.9;0.16;0.3;4.8;0.037;37.0;171.0;0.9967;3.47;0.44;9.0;4
6.9;0.26;0.49;1.6;0.058;39.0;166.0;0.9965;3.65;0.52;9.4;4
6.4;0.27;0.19;2.0;0.084;21.0;191.0;0.99516;3.49;0.63;9.6;4
6.4;0.27;0.19;1.9;0.085;21.0;196.0;0.99516;3.49;0.64;9.5;4
6.2;0.38;0.18;7.4;0.095;28.0;195.0;0.99773;3.53;0.71;9.2;4
6.3;0.38;0.17;8.8;0.08;50.0;212.0;0.99803;3.47;0.66;9.4;4
5.9;0.21;0.28;4.6;0.053;40.0;199.0;0.9964;3.72;0.7;10.0;4
6.7;0.25;0.26;1.55;0.041;118.5;216.0;0.9949;3.55;0.63;9.4;4
6.2;0.255;0.24;1.7;0.039;138.5;272.0;0.99452;3.53;0.53;9.6;4
6.8;0.29;0.16;1.4;0.038;122.5;234.5;0.9922;3.15;0.47;10.0;4
7.1;0.49;0.22;2.0;0.047;146.5;307.5;0.9924;3.24;0.37;11.0;4
9.4;0.24;0.29;8.5;0.037;124.0;208.0;0.99395;2.9;0.38;11.0;4
9.8;0.25;0.74;10.0;0.056;36.0;225.0;0.9977;3.06;0.43;10.0;4
10.2;0.44;0.88;6.2;0.049;20.0;124.0;0.9968;2.99;0.51;9.9;4
11.8;0.23;0.38;11.1;0.034;15.0;123.0;0.9997;2.93;0.55;9.7;4
6.0;0.11;0.47;10.6;0.052;69.0;148.0;0.9958;2.91;0.34;9.3;4
5.8;0.26;0.3;2.6;0.034;75.0;129.0;0.9902;3.2;0.38;11.5;4
5.8;0.24;0.44;3.5;0.029;5.0;109.0;0.9913;3.53;0.43;11.7;4
6.7;0.31;0.31;9.9;0.04;10.0;175.0;0.9953;3.46;0.55;11.4;4
6.1;0.32;0.37;1.8;0.051;13.0;200.0;0.9945;3.49;0.44;10.5;4
7.0;0.61;0.26;1.7;0.051;25.0;161.0;0.9946;3.36;0.6;10.6;4
7.1;0.64;0.49;1.8;0.05;17.0;128.0;0.9946;3.31;0.58;10.6;4
8.2;0.68;0.3;2.1;0.047;17.0;138.0;0.995;3.22;0.71;10.8;4
9.8;0.93;0.45;8.6;0.052;34.0;187.0;0.9994;3.12;0.59;10.2;4
10.0;0.91;0.42;1.6;0.056;34.0;181.0;0.9968;3.11;0.46;10.0;4
9.9;1.005;0.46;1.4;0.046;34.0;185.0;0.9966;3.02;0.49;10.2;4
8.0;0.66;0.72;17.55;0.042;62.0;233.0;0.9999;2.92;0.68;9.4;4
8.6;0.55;0.35;15.55;0.057;35.5;366.5;1.0001;3.04;0.63;11.0;4
7.9;0.64;0.46;10.6;0.244;33.0;227.0;0.9983;2.87;0.74;9.1;4
6.8;0.67;0.3;13.0;0.29;22.0;193.0;0.9984;3.08;0.67;9.0;4
6.8;0.705;0.25;3.2;0.048;10.0;57.0;0.996;3.36;0.52;9.5;4
6.5;0.52;0.17;1.4;0.047;5.0;26.0;0.9932;3.26;0.32;10.0;4
5.5;0.485;0.0;1.5;0.065;8.0;103.0;0.994;3.63;0.4;9.7;4
4.8;0.65;0.12;1.1;0.013;4.0;10.0;0.99246;3.32;0.36;13.5;4
6.2;0.47;0.21;1.0;0.044;13.0;98.0;0.99345;3.14;0.46;9.2;5
6.3;0.41;0.16;0.9;0.032;25.0;98.0;0.99274;3.16;0.42;9.5;5
6.8;0.34;0.1;1.4;0.049;29.0;118.0;0.9936;3.21;0.41;9.5;5
6.4;0.34;0.1;1.1;0.048;19.0;84.0;0.9927;3.21;0.38;9.8;5
6.4;0.41;0.01;6.1;0.048;20.0;70.0;0.99362;3.19;0.42;10.0;5
6.4;0.41;0.01;6.1;0.048;20.0;70.0;0.99362;3.19;0.42;10.0;5
5.9;0.36;0.04;5.7;0.046;21.0;87.0;0.9934;3.22;0.51;10.2;5
5.9;0.37;0.1;1.6;0.057;39.0;128.0;0.9924;3.24;0.48;10.1;5
6.4;0.39;0.21;1.2;0.041;35.0;136.0;0.99225;3.15;0.46;10.2;5
6.7;0.31;0.09;1.4;0.039;53.0;141.0;0.99206;3.12;0.44;10.1;5
6.6;0.31;0.07;1.5;0.033;55.0;144.0;0.99208;3.16;0.42;10.0;5
6.7;0.31;0.08;1.3;0.038;58.0;147.0;0.9922;3.18;0.46;10.0;5
6.8;0.31;0.09;1.4;0.04;56.0;145.0;0.9922;3.19;0.46;10.0;5
6.7;0.28;0.14;1.4;0.043;64.0;159.0;0.992;3.17;0.39;10.0;5
6.8;0.27;0.12;1.3;0.04;87.0;168.0;0.992;3.18;0.41;10.0;5
6.8;0.27;0.12;1.3;0.04;87.0;168.0;0.992;3.18;0.41;10.0;5
6.7;0.25;0.13;1.2;0.041;81.0;174.0;0.992;3.14;0.42;9.8;5
6.6;0.17;0.28;1.8;0.042;62.0;178.0;0.99204;3.15;0.42;10.2;5
6.3;0.18;0.22;1.5;0.043;45.0;155.0;0.99238;3.19;0.48;10.2;5
6.1;0.2;0.25;1.2;0.038;34.0;128.0;0.9921;3.24;0.44;10.1;5
5.8;0.22;0.3;1.1;0.047;36.0;131.0;0.992;3.26;0.45;10.4;5
5.4;0.24;0.18;2.3;0.05;22.0;145.0;0.99207;3.24;0.46;10.3;5
5.9;0.22;0.18;6.4;0.041;28.0;120.0;0.99403;3.27;0.5;9.9;5
5.5;0.17;0.23;2.9;0.039;10.0;108.0;0.99243;3.28;0.5;10.0;5
5.5;0.17;0.23;2.9;0.039;10.0;108.0;0.99243;3.28;0.5;10.0;5
5.5;0.12;0.33;1.0;0.038;23.0;131.0;0.99164;3.25;0.45;9.8;5
5.5;0.12;0.33;1.0;0.038;23.0;131.0;0.99164;3.25;0.45;9.8;5
5.7;0.1;0.27;1.3;0.047;21.0;100.0;0.9928;3.27;0.46;9.5;5
5.7;0.14;0.3;5.4;0.045;26.0;105.0;0.99469;3.32;0.45;9.3;5
5.6;0.12;0.26;4.3;0.038;18.0;97.0;0.99477;3.36;0.46;9.2;5
5.5;0.14;0.27;4.6;0.029;22.0;104.0;0.9949;3.34;0.44;9.0;5
5.5;0.14;0.27;4.6;0.029;22.0;104.0;0.9949;3.34;0.44;9.0;5
5.3;0.165;0.24;1.1;0.051;25.0;105.0;0.9925;3.32;0.47;9.1;5
5.7;0.18;0.22;4.2;0.042;25.0;111.0;0.994;3.35;0.39;9.4;5
6.8;0.18;0.21;5.4;0.053;34.0;104.0;0.99445;3.3;0.43;9.4;5
7.0;0.12;0.19;4.9;0.055;27.0;127.0;0.9953;3.29;0.41;9.4;5
6.6;0.15;0.34;5.1;0.055;34.0;125.0;0.9942;3.36;0.42;9.6;5
6.9;0.19;0.35;5.0;0.067;32.0;150.0;0.995;3.36;0.48;9.8;5
6.4;0.16;0.31;5.3;0.043;42.0;157.0;0.99455;3.35;0.47;10.5;5
6.7;0.17;0.27;1.4;0.032;39.0;149.0;0.99254;3.4;0.52;10.5;5
6.9;0.18;0.33;1.0;0.054;24.0;164.0;0.9926;3.42;0.51;10.5;5
7.2;0.15;0.39;1.8;0.043;21.0;159.0;0.9948;3.52;0.47;10.0;5
7.2;0.15;0.39;1.8;0.043;21.0;159.0;0.9948;3.52;0.47;10.0;5
7.6;0.18;0.36;2.4;0.049;38.0;123.0;0.996;3.6;0.46;10.3;5
7.6;0.18;0.36;2.4;0.049;38.0;123.0;0.996;3.6;0.46;10.3;5
6.0;0.16;0.3;6.7;0.043;43.0;153.0;0.9951;3.63;0.46;10.6;5
6.0;0.16;0.3;6.7;0.043;43.0;153.0;0.9951;3.63;0.46;10.6;5
6.0;0.24;0.32;6.3;0.03;34.0;129.0;0.9946;3.52;0.41;10.4;5
6.4;0.22;0.32;7.9;0.029;34.0;124.0;0.9948;3.4;0.39;10.2;5
6.4;0.26;0.22;5.1;0.037;23.0;131.0;0.9944;3.29;0.32;10.1;5
7.0;0.24;0.3;6.7;0.039;37.0;125.0;0.99436;3.2;0.39;9.9;5
6.6;0.24;0.35;7.7;0.031;36.0;135.0;0.9938;3.19;0.37;10.5;5
6.6;0.24;0.35;7.7;0.031;36.0;135.0;0.9938;3.19;0.37;10.5;5
6.8;0.24;0.34;4.6;0.032;37.0;135.0;0.9927;3.2;0.39;10.6;5
6.6;0.21;0.34;5.6;0.046;30.0;140.0;0.99299;3.22;0.38;11.0;5
6.4;0.16;0.32;8.75;0.038;38.0;118.0;0.99449;3.19;0.41;10.7;5
6.0;0.21;0.3;8.7;0.036;47.0;127.0;0.99368;3.18;0.39;10.6;5
6.0;0.21;0.3;8.7;0.036;47.0;127.0;0.99368;3.18;0.39;10.6;5
6.1;0.22;0.25;12.1;0.035;54.0;135.0;0.99481;3.21;0.4;10.7;5
6.3;0.21;0.29;11.7;0.048;49.0;147.0;0.99482;3.22;0.38;10.8;5
6.4;0.22;0.3;11.2;0.046;53.0;149.0;0.99479;3.21;0.34;10.8;5
6.3;0.2;0.37;11.8;0.045;58.0;130.0;0.99519;3.2;0.35;10.8;5
6.4;0.22;0.31;13.9;0.04;57.0;135.0;0.99672;3.21;0.38;10.7;5
6.6;0.22;0.34;11.6;0.05;59.0;140.0;0.99526;3.22;0.4;10.8;5
6.9;0.23;0.32;16.4;0.045;62.0;153.0;0.9972;3.22;0.42;10.5;5
6.1;0.22;0.28;16.55;0.059;54.0;135.0;0.99665;3.2;0.38;10.5;5
6.4;0.21;0.34;16.05;0.04;56.0;142.0;0.99678;3.11;0.38;10.6;5
6.1;0.15;0.35;15.8;0.042;55.0;158.0;0.99642;3.24;0.37;10.6;5
6.5;0.2;0.24;9.2;0.044;25.0;150.0;0.99502;3.22;0.44;10.5;5
6.3;0.25;0.27;6.6;0.054;40.0;158.0;0.99378;3.2;0.48;10.3;5
6.4;0.28;0.23;6.0;0.051;50.0;162.0;0.994;3.15;0.52;10.2;5
6.1;0.28;0.27;8.0;0.048;41.0;162.0;0.99498;3.21;0.51;9.9;5
5.8;0.27;0.2;7.3;0.04;42.0;145.0;0.99442;3.15;0.48;9.8;5
5.8;0.34;0.21;7.2;0.041;48.0;146.0;0.99441;3.16;0.49;9.8;5
5.6;0.3;0.1;6.4;0.043;34.0;142.0;0.99382;3.14;0.48;9.8;5
5.8;0.3;0.09;6.3;0.042;36.0;138.0;0.99382;3.15;0.48;9.7;5
6.2;0.33;0.14;4.8;0.052;27.0;128.0;0.99475;3.21;0.48;9.4;5
6.2;0.33;0.14;4.8;0.052;27.0;128.0;0.99475;3.21;0.48;9.4;5
6.5;0.31;0.14;7.5;0.044;34.0;133.0;0.9955;3.22;0.5;9.5;5
6.3;0.3;0.24;6.6;0.04;38.0;141.0;0.995;3.22;0.47;9.5;5
6.2;0.24;0.22;7.9;0.053;45.0;149.0;0.99545;3.23;0.52;9.3;5
6.2;0.24;0.22;7.9;0.053;45.0;149.0;0.99545;3.23;0.52;9.3;5
6.4;0.24;0.23;7.3;0.069;31.0;157.0;0.9962;3.25;0.53;9.1;5
6.2;0.24;0.25;12.5;0.055;47.0;134.0;0.99758;3.3;0.51;9.0;5
6.2;0.21;0.26;13.1;0.05;59.0;150.0;0.99772;3.31;0.46;9.0;5
6.1;0.25;0.24;12.1;0.046;51.0;172.0;0.998;3.35;0.45;9.5;5
6.0;0.29;0.2;12.6;0.045;45.0;187.0;0.9972;3.33;0.42;9.5;5
5.9;0.25;0.19;12.4;0.047;50.0;162.0;0.9973;3.35;0.38;9.5;5
6.0;0.21;0.24;12.1;0.05;55.0;164.0;0.997;3.34;0.39;9.4;5
5.9;0.23;0.3;12.9;0.054;57.0;170.0;0.9972;3.28;0.39;9.4;5
5.9;0.21;0.24;12.1;0.044;53.0;165.0;0.9969;3.25;0.39;9.5;5
5.8;0.25;0.26;13.1;0.051;44.0;148.0;0.9972;3.29;0.38;9.3;5
5.8;0.25;0.24;13.3;0.044;41.0;137.0;0.9972;3.34;0.42;9.5;5
5.9;0.26;0.25;12.5;0.034;38.0;152.0;0.9977;3.33;0.43;9.4;5
6.4;0.24;0.28;11.5;0.05;34.0;163.0;0.9969;3.31;0.45;9.5;5
6.4;0.24;0.29;11.4;0.051;32.0;166.0;0.9968;3.31;0.45;9.5;5
6.7;0.24;0.33;12.3;0.046;31.0;145.0;0.9983;3.36;0.4;9.5;5
6.7;0.24;0.33;12.3;0.046;31.0;145.0;0.9983;3.36;0.4;9.5;5
6.6;0.22;0.28;12.05;0.058;25.0;125.0;0.99856;3.45;0.45;9.4;5
6.0;0.21;0.29;13.1;0.042;28.0;125.0;0.99936;3.39;0.45;8.6;5
6.8;0.24;0.31;18.3;0.046;40.0;142.0;1.0;3.3;0.41;8.7;5
6.8;0.24;0.31;18.3;0.046;40.0;142.0;1.0;3.3;0.41;8.7;5
6.8;0.21;0.27;18.15;0.042;41.0;146.0;1.0001;3.3;0.36;8.7;5
6.8;0.21;0.27;18.15;0.042;41.0;146.0;1.0001;3.3;0.36;8.7;5
6.8;0.21;0.27;18.15;0.042;41.0;146.0;1.0001;3.3;0.36;8.7;5
6.5;0.22;0.25;17.1;0.05;44.0;138.0;1.0001;3.3;0.37;8.8;5
6.5;0.22;0.25;17.1;0.05;44.0;138.0;1.0001;3.3;0.37;8.8;5
6.5;0.22;0.25;17.1;0.05;44.0;138.0;1.0001;3.3;0.37;8.8;5
6.5;0.22;0.25;17.1;0.05;44.0;138.0;1.0001;3.3;0.37;8.8;5
6.5;0.23;0.36;16.3;0.038;43.0;133.0;0.99924;3.26;0.41;8.8;5
6.5;0.23;0.36;16.3;0.038;43.0;133.0;0.99924;3.26;0.41;8.8;5
6.5;0.23;0.36;16.3;0.038;43.0;133.0;0.99924;3.26;0.41;8.8;5
6.5;0.23;0.36;16.3;0.038;43.0;133.0;0.99924;3.26;0.41;8.8;5
7.0;0.23;0.42;18.05;0.05;35.0;144.0;0.9999;3.22;0.42;8.8;5
7.0;0.23;0.42;18.05;0.05;35.0;144.0;0.9999;3.22;0.42;8.8;5
7.3;0.24;0.39;17.95;0.057;45.0;149.0;0.9999;3.21;0.36;8.6;5
7.3;0.24;0.39;17.95;0.057;45.0;149.0;0.9999;3.21;0.36;8.6;5
7.1;0.24;0.41;17.8;0.046;39.0;145.0;0.9998;3.32;0.39;8.7;5
7.1;0.24;0.41;17.8;0.046;39.0;145.0;0.9998;3.32;0.39;8.7;5
6.8;0.21;0.36;18.1;0.046;32.0;133.0;1.0;3.27;0.48;8.8;5
6.8;0.21;0.36;18.1;0.046;32.0;133.0;1.0;3.27;0.48;8.8;5
6.8;0.21;0.36;18.1;0.046;32.0;133.0;1.0;3.27;0.48;8.8;5
7.0;0.25;0.29;15.2;0.047;40.0;171.0;0.9982;3.22;0.45;9.3;5
7.2;0.24;0.27;11.4;0.034;40.0;174.0;0.99773;3.2;0.44;9.0;5
7.2;0.24;0.27;11.4;0.034;40.0;174.0;0.99773;3.2;0.44;9.0;5
7.2;0.25;0.19;8.0;0.044;51.0;172.0;0.9964;3.16;0.44;9.2;5
7.2;0.29;0.18;8.2;0.042;41.0;180.0;0.99644;3.16;0.49;9.1;5
7.1;0.28;0.19;7.8;0.04;48.0;184.0;0.99579;3.16;0.5;9.4;5
7.1;0.28;0.19;7.8;0.04;48.0;184.0;0.99579;3.16;0.5;9.4;5
7.2;0.29;0.2;7.7;0.046;51.0;174.0;0.99582;3.16;0.52;9.5;5
7.1;0.26;0.19;8.2;0.051;53.0;187.0;0.996;3.16;0.52;9.7;5
7.1;0.26;0.19;8.2;0.051;53.0;187.0;0.996;3.16;0.52;9.7;5
6.6;0.23;0.18;8.5;0.044;59.0;188.0;0.99558;3.16;0.49;9.5;5
6.5;0.23;0.2;7.5;0.05;44.0;179.0;0.99504;3.18;0.48;9.53333333333333;5
6.4;0.26;0.21;8.2;0.05;51.0;182.0;0.99542;3.23;0.48;9.5;5
6.4;0.26;0.21;8.2;0.05;51.0;182.0;0.99542;3.23;0.48;9.5;5
6.3;0.3;0.19;7.7;0.049;47.0;184.0;0.99514;3.22;0.48;9.5;5
6.9;0.3;0.21;7.2;0.045;54.0;190.0;0.99595;3.22;0.48;9.4;5
6.4;0.28;0.17;8.3;0.042;61.0;195.0;0.99577;3.22;0.46;9.4;5
6.4;0.27;0.17;8.4;0.044;60.0;198.0;0.99578;3.21;0.47;9.4;5
6.7;0.27;0.25;8.0;0.053;54.0;202.0;0.9961;3.22;0.43;9.3;5
6.7;0.27;0.25;8.0;0.053;54.0;202.0;0.9961;3.22;0.43;9.3;5
6.6;0.28;0.3;7.8;0.049;57.0;202.0;0.9958;3.24;0.39;9.5;5
5.9;0.29;0.33;7.4;0.037;58.0;205.0;0.99495;3.26;0.41;9.6;5
6.4;0.31;0.39;7.5;0.04;57.0;213.0;0.99475;3.32;0.43;10.0;5
6.7;0.265;0.22;8.6;0.048;54.0;198.0;0.9955;3.25;0.41;10.2;5
6.9;0.37;0.23;9.5;0.057;54.0;166.0;0.99568;3.23;0.42;10.0;5
6.9;0.37;0.23;9.5;0.057;54.0;166.0;0.99568;3.23;0.42;10.0;5
7.1;0.34;0.2;6.1;0.063;47.0;164.0;0.9946;3.17;0.42;10.0;5
7.2;0.43;0.24;6.7;0.058;40.0;163.0;0.995;3.2;0.41;9.9;5
7.4;0.38;0.27;7.5;0.041;24.0;160.0;0.99535;3.17;0.43;10.0;5
7.4;0.37;0.26;9.6;0.05;33.0;134.0;0.99608;3.13;0.46;10.4;5
7.4;0.39;0.23;7.0;0.033;29.0;126.0;0.994;3.14;0.42;10.5;5
7.4;0.41;0.34;4.7;0.042;19.0;127.0;0.9953;3.25;0.42;10.4;5
7.3;0.34;0.21;3.2;0.05;14.0;136.0;0.9936;3.25;0.44;10.2;5
8.1;0.33;0.22;5.2;0.047;24.0;151.0;0.99527;3.22;0.47;10.3;5
7.6;0.29;0.26;6.5;0.042;32.0;160.0;0.9944;3.14;0.47;10.7;5
7.6;0.29;0.26;6.5;0.042;32.0;160.0;0.9944;3.14;0.47;10.7;5
7.8;0.29;0.33;8.75;0.035;33.0;181.0;0.9962;3.11;0.46;10.7;5
8.0;0.28;0.42;7.1;0.045;41.0;169.0;0.9959;3.17;0.43;10.6;5
8.0;0.28;0.42;7.1;0.045;41.0;169.0;0.9959;3.17;0.43;10.6;5
8.0;0.3;0.49;9.4;0.046;47.0;188.0;0.9964;3.14;0.48;10.0;5
7.9;0.29;0.36;11.1;0.033;43.0;208.0;0.9969;3.14;0.46;10.3;5
7.7;0.25;0.3;7.8;0.038;67.0;196.0;0.99555;3.1;0.5;10.1;5
7.7;0.25;0.3;7.8;0.038;67.0;196.0;0.99555;3.1;0.5;10.1;5
8.1;0.22;0.28;7.7;0.043;57.0;176.0;0.9954;3.12;0.55;10.0;5
7.4;0.27;0.26;11.8;0.053;55.0;173.0;0.99699;3.11;0.6;9.8;5
7.4;0.27;0.26;11.8;0.053;55.0;173.0;0.99699;3.11;0.6;9.8;5
7.4;0.27;0.26;11.8;0.053;55.0;173.0;0.99699;3.11;0.6;9.8;5
7.4;0.27;0.26;11.8;0.053;55.0;173.0;0.99699;3.11;0.6;9.8;5
6.8;0.3;0.33;12.8;0.041;60.0;168.0;0.99659;3.1;0.56;9.8;5
6.8;0.3;0.33;12.8;0.041;60.0;168.0;0.99659;3.1;0.56;9.8;5
6.4;0.31;0.31;12.9;0.045;55.0;161.0;0.99546;3.02;0.59;10.2;5
6.4;0.31;0.31;12.9;0.045;55.0;161.0;0.99546;3.02;0.59;10.2;5
7.3;0.36;0.34;14.8;0.057;46.0;173.0;0.99751;3.14;0.57;10.2;5
7.4;0.28;0.36;14.6;0.048;35.0;161.0;0.9968;3.14;0.56;10.6;5
7.5;0.29;0.36;15.7;0.05;29.0;124.0;0.9968;3.06;0.54;10.4;5
7.6;0.35;0.46;14.7;0.047;33.0;151.0;0.99709;3.03;0.53;10.3;5
7.4;0.23;0.38;8.6;0.052;41.0;150.0;0.99534;3.06;0.46;10.3;5
7.2;0.22;0.35;5.5;0.054;37.0;183.0;0.99474;3.08;0.5;10.3;5
5.9;0.46;0.14;2.7;0.042;27.0;160.0;0.9931;3.46;0.51;10.6;7
6.1;0.32;0.25;1.7;0.034;37.0;136.0;0.992;3.47;0.5;10.8;7
6.9;0.28;0.27;2.1;0.036;42.0;121.0;0.9926;3.42;0.49;10.8;7
6.0;0.27;0.27;1.6;0.046;32.0;113.0;0.9924;3.41;0.51;10.5;7
6.4;0.28;0.29;1.6;0.052;34.0;127.0;0.9929;3.48;0.56;10.5;7
6.4;0.28;0.29;1.6;0.052;34.0;127.0;0.9929;3.48;0.56;10.5;7
6.6;0.25;0.3;1.6;0.046;32.0;134.0;0.993;3.42;0.51;10.1;7
6.5;0.18;0.31;1.7;0.044;30.0;127.0;0.9928;3.49;0.5;10.2;7
6.7;0.15;0.29;5.0;0.058;28.0;105.0;0.9946;3.52;0.44;10.2;7
6.3;0.1;0.24;6.0;0.039;25.0;107.0;0.99511;3.59;0.49;10.5;7
5.6;0.18;0.3;10.2;0.028;28.0;131.0;0.9954;3.49;0.42;10.8;7
6.2;0.17;0.28;4.7;0.037;39.0;133.0;0.9931;3.41;0.46;10.8;7
6.5;0.19;0.32;1.4;0.04;31.0;132.0;0.9922;3.36;0.54;10.8;7
6.5;0.22;0.27;1.6;0.039;36.0;116.0;0.99178;3.38;0.57;11.0;7
6.1;0.25;0.3;1.2;0.036;42.0;107.0;0.991;3.34;0.56;10.8;7
6.4;0.25;0.32;0.9;0.034;40.0;114.0;0.99114;3.31;0.58;10.8;7
6.7;0.17;0.37;2.0;0.039;34.0;125.0;0.9922;3.26;0.6;10.8;7
6.6;0.21;0.39;2.3;0.041;31.0;102.0;0.99221;3.22;0.58;10.9;7
6.9;0.19;0.35;1.7;0.036;33.0;101.0;0.99315;3.21;0.54;10.8;7
6.9;0.19;0.35;1.7;0.036;33.0;101.0;0.99315;3.21;0.54;10.8;7
6.8;0.19;0.36;1.9;0.035;30.0;96.0;0.9917;3.15;0.54;10.8;7
7.0;0.23;0.35;1.4;0.036;31.0;113.0;0.9912;3.16;0.48;10.8;7
7.2;0.21;0.37;1.6;0.049;23.0;94.0;0.9924;3.16;0.48;10.9;7
6.8;0.23;0.3;1.7;0.043;19.0;95.0;0.99207;3.17;0.46;10.7;7
7.1;0.16;0.36;1.2;0.043;21.0;90.0;0.9925;3.16;0.42;11.0;7
7.0;0.16;0.36;2.6;0.029;28.0;98.0;0.99126;3.11;0.37;11.2;7
7.1;0.21;0.37;2.4;0.026;23.0;100.0;0.9903;3.15;0.38;11.4;7
7.0;0.24;0.35;1.0;0.032;42.0;104.0;0.98988;3.16;0.37;11.7;7
6.3;0.22;0.28;2.4;0.042;38.0;102.0;0.98998;3.14;0.37;11.6;7
5.8;0.22;0.29;0.9;0.034;34.0;89.0;0.98936;3.14;0.36;11.1;7
6.1;0.17;0.28;2.5;0.028;22.0;98.0;0.99072;3.16;0.37;11.1;7
5.8;0.2;0.27;1.4;0.031;12.0;77.0;0.9905;3.25;0.36;10.9;7
5.6;0.19;0.26;1.4;0.03;12.0;76.0;0.9905;3.25;0.37;10.9;7
6.5;0.16;0.33;1.0;0.027;23.0;75.0;0.9908;3.3;0.39;11.4;7
6.6;0.25;0.39;1.45;0.04;40.0;89.0;0.9911;3.35;0.4;11.4;7
6.5;0.28;0.29;2.7;0.038;26.0;107.0;0.9912;3.32;0.41;11.6;7
6.5;0.28;0.29;2.7;0.038;26.0;107.0;0.9912;3.32;0.41;11.6;7
6.2;0.3;0.32;1.7;0.032;30.0;130.0;0.9911;3.28;0.41;11.2;7
6.2;0.25;0.25;1.4;0.03;35.0;105.0;0.9912;3.3;0.44;11.1;7
6.2;0.25;0.25;1.4;0.03;35.0;105.0;0.9912;3.3;0.44;11.1;7
6.1;0.27;0.31;1.5;0.035;17.0;83.0;0.99076;3.32;0.44;11.1;7
6.1;0.27;0.31;1.5;0.035;17.0;83.0;0.99076;3.32;0.44;11.1;7
5.8;0.26;0.29;1.0;0.042;35.0;101.0;0.99044;3.36;0.48;11.4;7
5.6;0.235;0.29;1.2;0.047;33.0;127.0;0.991;3.34;0.5;11.0;7
6.0;0.2;0.33;1.1;0.039;45.0;126.0;0.99051;3.31;0.45;11.6;7
6.4;0.23;0.32;1.9;0.038;40.0;118.0;0.99074;3.32;0.53;11.8;7
6.5;0.28;0.34;3.6;0.04;29.0;121.0;0.99111;3.28;0.48;12.1;7
6.5;0.28;0.34;3.6;0.04;29.0;121.0;0.99111;3.28;0.48;12.1;7
6.5;0.28;0.34;4.6;0.054;22.0;130.0;0.99193;3.2;0.46;12.0;7
6.5;0.22;0.28;3.7;0.059;29.0;151.0;0.99177;3.23;0.41;12.1;7
5.8;0.23;0.31;3.5;0.044;35.0;158.0;0.98998;3.19;0.37;12.1;7
6.0;0.26;0.29;3.1;0.041;37.0;144.0;0.98944;3.22;0.39;12.8;7
6.0;0.26;0.29;3.1;0.041;37.0;144.0;0.98944;3.22;0.39;12.8;7
6.3;0.29;0.29;3.3;0.037;32.0;140.0;0.9895;3.17;0.36;12.8;7
6.3;0.29;0.29;3.3;0.037;32.0;140.0;0.9895;3.17;0.36;12.8;7
6.8;0.25;0.28;5.0;0.035;42.0;126.0;0.99048;3.12;0.38;12.6;7
7.0;0.22;0.31;2.7;0.03;41.0;136.0;0.9898;3.16;0.37;12.7;7
7.1;0.22;0.33;2.8;0.033;48.0;153.0;0.9899;3.15;0.38;12.7;7
7.2;0.2;0.34;2.7;0.032;49.0;151.0;0.99;3.16;0.39;12.7;7
6.9;0.21;0.33;1.8;0.034;48.0;136.0;0.9899;3.25;0.41;12.6;7
6.9;0.24;0.33;1.7;0.035;47.0;136.0;0.99;3.26;0.4;12.6;7
6.7;0.21;0.34;1.5;0.035;45.0;123.0;0.98949;3.24;0.36;12.6;7
6.7;0.18;0.37;1.3;0.027;42.0;125.0;0.98939;3.24;0.37;12.8;7
6.5;0.24;0.36;2.2;0.027;36.0;134.0;0.9898;3.28;0.36;12.5;7
6.2;0.29;0.32;3.6;0.026;39.0;138.0;0.9892;3.31;0.37;13.1;7
6.1;0.33;0.3;3.0;0.036;30.0;124.0;0.98922;3.31;0.4;13.1;7
6.0;0.32;0.3;1.9;0.033;41.0;142.0;0.98912;3.29;0.42;12.8;7
6.0;0.32;0.3;1.9;0.033;41.0;142.0;0.98912;3.29;0.42;12.8;7
6.1;0.3;0.32;2.2;0.042;41.0;142.0;0.98952;3.31;0.44;12.7;7
6.1;0.32;0.24;1.5;0.036;38.0;124.0;0.9898;3.29;0.42;12.4;7
6.1;0.32;0.24;1.5;0.036;38.0;124.0;0.9898;3.29;0.42;12.4;7
6.0;0.31;0.27;2.3;0.042;19.0;120.0;0.98952;3.32;0.41;12.7;7
6.0;0.31;0.27;2.3;0.042;19.0;120.0;0.98952;3.32;0.41;12.7;7
6.0;0.29;0.27;2.3;0.044;20.0;117.0;0.9895;3.31;0.41;12.7;7
5.5;0.29;0.3;1.1;0.022;20.0;110.0;0.98869;3.34;0.38;12.8;7
5.7;0.22;0.28;1.3;0.027;26.0;101.0;0.98948;3.35;0.38;12.5;7
5.7;0.24;0.3;1.3;0.03;25.0;98.0;0.98968;3.37;0.43;12.4;7
6.0;0.27;0.19;1.7;0.02;24.0;110.0;0.9898;3.32;0.47;12.6;7
5.4;0.33;0.31;4.0;0.03;27.0;108.0;0.99031;3.3;0.43;12.2;7
5.7;0.31;0.28;4.1;0.03;22.0;86.0;0.99062;3.31;0.38;11.7;7
5.7;0.32;0.38;4.75;0.033;23.0;94.0;0.991;3.42;0.42;11.8;7
5.8;0.32;0.38;4.75;0.033;23.0;94.0;0.991;3.42;0.42;11.8;7
5.8;0.32;0.38;4.75;0.033;23.0;94.0;0.991;3.42;0.42;11.8;7
6.0;0.34;0.32;3.8;0.044;13.0;116.0;0.99108;3.39;0.44;11.8;7
6.0;0.36;0.39;3.2;0.027;20.0;125.0;0.991;3.38;0.39;11.3;7
6.3;0.35;0.3;5.7;0.035;8.0;97.0;0.9927;3.27;0.41;11.0;7
6.3;0.35;0.3;5.7;0.035;8.0;97.0;0.9927;3.27;0.41;11.0;7
6.4;0.31;0.38;2.9;0.038;19.0;102.0;0.9912;3.17;0.35;11.0;7
6.1;0.32;0.28;6.6;0.021;29.0;132.0;0.99188;3.15;0.36;11.45;7
6.6;0.26;0.21;2.9;0.026;48.0;126.0;0.99089;3.22;0.38;11.3;7
6.6;0.26;0.21;2.9;0.026;48.0;126.0;0.99089;3.22;0.38;11.3;7
6.9;0.33;0.26;5.0;0.027;46.0;143.0;0.9924;3.25;0.43;11.2;7
6.9;0.33;0.26;5.0;0.027;46.0;143.0;0.9924;3.25;0.43;11.2;7
6.2;0.39;0.24;4.8;0.037;45.0;138.0;0.99174;3.23;0.43;11.2;7
6.2;0.39;0.24;4.8;0.037;45.0;138.0;0.99174;3.23;0.43;11.2;7
6.2;0.39;0.24;4.8;0.037;45.0;138.0;0.99174;3.23;0.43;11.2;7
6.1;0.44;0.28;4.25;0.032;43.0;132.0;0.9916;3.26;0.47;11.2666666666667;7
6.1;0.44;0.28;4.25;0.032;43.0;132.0;0.9916;3.26;0.47;11.3;7
6.3;0.37;0.28;6.3;0.034;45.0;152.0;0.9921;3.29;0.46;11.6;7
6.3;0.37;0.28;6.3;0.034;45.0;152.0;0.9921;3.29;0.46;11.6;7
7.0;0.36;0.3;5.0;0.04;40.0;143.0;0.99173;3.33;0.42;12.2;7
7.1;0.34;0.31;5.2;0.032;36.0;140.0;0.99166;3.35;0.47;12.3;7
6.9;0.34;0.3;4.7;0.029;34.0;148.0;0.99165;3.36;0.49;12.3;7
7.3;0.3;0.33;2.3;0.043;28.0;125.0;0.99084;3.34;0.44;12.6;7
7.1;0.28;0.44;1.8;0.032;32.0;107.0;0.9907;3.25;0.48;12.2;7
7.2;0.23;0.39;2.3;0.033;29.0;102.0;0.9908;3.26;0.54;12.3;7
7.2;0.23;0.39;2.3;0.033;29.0;102.0;0.9908;3.26;0.54;12.3;7
6.5;0.22;0.32;2.2;0.028;36.0;92.0;0.99076;3.27;0.59;11.9;7
6.5;0.22;0.32;2.2;0.028;36.0;92.0;0.99076;3.27;0.59;11.9;7
6.7;0.22;0.37;1.6;0.028;24.0;102.0;0.9913;3.29;0.59;11.6;7
6.6;0.17;0.38;1.5;0.032;28.0;112.0;0.9914;3.25;0.55;11.4;7
6.8;0.13;0.39;1.4;0.034;19.0;102.0;0.99121;3.23;0.6;11.3;7
6.8;0.18;0.38;1.4;0.038;35.0;111.0;0.9918;3.32;0.59;11.2;7
6.5;0.18;0.33;1.4;0.029;35.0;138.0;0.99114;3.36;0.6;11.5;7
6.5;0.18;0.33;1.4;0.029;35.0;138.0;0.99114;3.36;0.6;11.5;7
6.5;0.16;0.34;1.4;0.029;29.0;133.0;0.99108;3.33;0.64;11.5;7
6.0;0.2;0.32;3.0;0.031;26.0;118.0;0.99134;3.38;0.68;11.2;7
5.9;0.24;0.3;2.0;0.033;28.0;92.0;0.99225;3.39;0.69;10.9;7
5.9;0.24;0.3;2.0;0.033;28.0;92.0;0.99225;3.39;0.69;10.9;7
6.5;0.3;0.32;2.0;0.044;34.0;90.0;0.99185;3.37;0.68;11.0;7
6.5;0.3;0.32;2.0;0.044;34.0;90.0;0.99185;3.37;0.68;11.0;7
6.7;0.3;0.29;2.8;0.025;37.0;107.0;0.99159;3.31;0.63;11.3;7
6.7;0.3;0.29;2.8;0.025;37.0;107.0;0.99159;3.31;0.63;11.3;7
6.7;0.3;0.29;2.8;0.025;37.0;107.0;0.99159;3.31;0.63;11.3;7
7.2;0.24;0.29;2.2;0.037;37.0;102.0;0.992;3.27;0.64;11.0;7
7.2;0.24;0.29;2.2;0.037;37.0;102.0;0.992;3.27;0.64;11.0;7
6.5;0.29;0.31;1.7;0.035;24.0;79.0;0.99053;3.27;0.69;11.4;7
6.5;0.29;0.31;1.7;0.035;24.0;79.0;0.99053;3.27;0.69;11.4;7
6.5;0.26;0.39;1.4;0.02;12.0;66.0;0.99089;3.25;0.75;11.3;7
6.9;0.19;0.4;1.4;0.036;14.0;55.0;0.9909;3.08;0.68;11.5;7
7.8;0.15;0.34;1.1;0.035;31.0;93.0;0.99096;3.07;0.72;11.3;7
8.0;0.26;0.36;2.0;0.054;30.0;121.0;0.992;3.09;0.72;11.6;7
7.2;0.32;0.36;2.0;0.033;37.0;114.0;0.9906;3.1;0.71;12.3;7
7.6;0.31;0.49;3.95;0.044;27.0;131.0;0.9912;3.08;0.67;12.8;7
7.0;0.28;0.32;7.75;0.032;30.0;114.0;0.99158;3.12;0.64;12.8;7
6.8;0.31;0.3;8.0;0.028;33.0;122.0;0.99164;3.13;0.63;12.6;7
6.8;0.31;0.3;8.0;0.028;33.0;122.0;0.99164;3.13;0.63;12.6;7
7.0;0.32;0.29;7.6;0.025;35.0;124.0;0.99162;3.15;0.65;12.8;7
7.0;0.32;0.29;7.6;0.025;35.0;124.0;0.99162;3.15;0.65;12.8;7
6.7;0.35;0.32;9.0;0.032;29.0;113.0;0.99188;3.13;0.65;12.9;7
6.7;0.35;0.32;9.0;0.032;29.0;113.0;0.99188;3.13;0.65;12.9;7
7.0;0.32;0.27;7.1;0.027;37.0;122.0;0.99165;3.15;0.6;12.6;7
7.3;0.4;0.28;6.5;0.037;26.0;97.0;0.99148;3.16;0.58;12.6;7
7.3;0.4;0.28;6.5;0.037;26.0;97.0;0.99148;3.16;0.58;12.6;7
7.7;0.39;0.28;4.9;0.035;36.0;109.0;0.9918;3.19;0.58;12.2;7
7.7;0.39;0.28;4.9;0.035;36.0;109.0;0.9918;3.19;0.58;12.2;7
7.6;0.4;0.27;5.2;0.03;32.0;101.0;0.99172;3.22;0.62;12.3;7
7.7;0.43;0.28;4.5;0.046;33.0;102.0;0.9918;3.16;0.56;12.2;7
8.0;0.42;0.36;5.0;0.037;34.0;101.0;0.992;3.13;0.57;12.3;7
7.9;0.41;0.37;4.5;0.03;40.0;114.0;0.992;3.17;0.54;12.4;7
7.9;0.44;0.37;5.85;0.033;27.0;93.0;0.992;3.16;0.54;12.6;7
7.6;0.39;0.32;3.6;0.035;22.0;93.0;0.99144;3.08;0.6;12.5;7
7.6;0.39;0.32;3.6;0.035;22.0;93.0;0.99144;3.08;0.6;12.5;7
7.2;0.36;0.36;5.7;0.038;26.0;98.0;0.9914;2.93;0.59;12.5;7
7.2;0.36;0.36;5.7;0.038;26.0;98.0;0.9914;2.93;0.59;12.5;7
7.2;0.33;0.22;4.5;0.031;10.0;73.0;0.99076;2.97;0.52;12.2;7
7.8;0.26;0.31;3.6;0.025;22.0;100.0;0.99066;2.99;0.47;12.1;7
7.6;0.2;0.26;4.8;0.033;26.0;76.0;0.99076;2.98;0.49;12.3;7
7.2;0.21;0.28;2.7;0.033;38.0;94.0;0.99075;2.99;0.43;11.8;7
6.6;0.21;0.29;5.35;0.029;43.0;106.0;0.99112;2.93;0.43;11.5;7
6.6;0.21;0.29;5.35;0.029;43.0;106.0;0.99112;2.93;0.43;11.5;7
6.9;0.25;0.29;2.4;0.038;28.0;76.0;0.99088;3.01;0.36;11.7;7
7.4;0.25;0.28;7.25;0.028;14.0;78.0;0.99238;2.94;0.37;11.5;7
7.4;0.25;0.28;7.25;0.028;14.0;78.0;0.99238;2.94;0.37;11.5;7
8.6;0.265;0.36;1.2;0.034;15.0;80.0;0.9913;2.95;0.36;11.4;7
9.2;0.25;0.34;1.2;0.026;31.0;93.0;0.9916;2.93;0.37;11.3;7
9.2;0.25;0.34;1.2;0.026;31.0;93.0;0.9916;2.93;0.37;11.3;7
8.8;0.28;0.45;6.0;0.022;14.0;49.0;0.9934;3.01;0.33;11.1;7
7.8;0.26;0.49;3.2;0.027;28.0;87.0;0.9919;3.03;0.32;11.3;7
7.8;0.26;0.49;3.2;0.027;28.0;87.0;0.9919;3.03;0.32;11.3;7
8.4;0.24;0.49;7.4;0.039;46.0;108.0;0.9934;3.03;0.33;11.9;7
7.9;0.25;0.29;5.3;0.031;33.0;117.0;0.9918;3.06;0.32;11.8;7
7.8;0.28;0.34;1.6;0.028;32.0;118.0;0.9901;3.0;0.38;12.1;7
7.8;0.28;0.34;1.6;0.028;32.0;118.0;0.9901;3.0;0.38;12.1;7
7.4;0.28;0.36;1.1;0.028;42.0;105.0;0.9893;2.99;0.39;12.4;7
6.7;0.34;0.4;2.1;0.033;34.0;111.0;0.98924;2.97;0.48;12.2;7
6.7;0.34;0.26;1.9;0.038;58.0;138.0;0.9893;3.0;0.47;12.2;7
6.5;0.38;0.26;5.2;0.042;33.0;112.0;0.99067;3.06;0.5;12.3;7
6.8;0.32;0.28;4.8;0.034;25.0;100.0;0.99026;3.08;0.47;12.4;7
6.6;0.34;0.24;3.3;0.034;29.0;99.0;0.99031;3.1;0.4;12.3;7
6.2;0.66;0.48;1.2;0.029;29.0;75.0;0.9892;3.33;0.39;12.8;8
6.2;0.66;0.48;1.2;0.029;29.0;75.0;0.9892;3.33;0.39;12.8;8
6.8;0.26;0.42;1.7;0.049;41.0;122.0;0.993;3.47;0.48;10.5;8
6.7;0.23;0.31;2.1;0.046;30.0;96.0;0.9926;3.33;0.64;10.7;8
6.7;0.23;0.31;2.1;0.046;30.0;96.0;0.9926;3.33;0.64;10.7;8
5.2;0.44;0.04;1.4;0.036;43.0;119.0;0.9894;3.36;0.33;12.1;8
5.2;0.44;0.04;1.4;0.036;43.0;119.0;0.9894;3.36;0.33;12.1;8
6.8;0.53;0.35;3.8;0.034;26.0;109.0;0.9906;3.26;0.57;12.7;8
6.7;0.26;0.39;1.1;0.04;45.0;147.0;0.9935;3.32;0.58;9.6;8
7.0;0.24;0.36;2.8;0.034;22.0;112.0;0.99;3.19;0.38;12.6;8
6.1;0.31;0.58;5.0;0.039;36.0;114.0;0.9909;3.3;0.6;12.3;8
5.0;0.55;0.14;8.3;0.032;35.0;164.0;0.9918;3.53;0.51;12.5;8
6.4;0.32;0.35;4.8;0.03;34.0;101.0;0.9912;3.36;0.6;12.5;8
7.0;0.23;0.36;7.1;0.028;31.0;104.0;0.9922;3.35;0.47;12.1;8
6.6;0.16;0.32;1.4;0.035;49.0;186.0;0.9906;3.35;0.64;12.4;8
6.0;0.25;0.28;2.2;0.026;54.0;126.0;0.9898;3.43;0.65;12.9;8
5.9;0.27;0.29;11.4;0.036;31.0;115.0;0.9949;3.35;0.48;10.5;8
6.5;0.36;0.28;3.2;0.037;29.0;119.0;0.9908;3.25;0.65;12.4;8
6.2;0.24;0.29;13.3;0.039;49.0;130.0;0.9952;3.33;0.46;11.0;8
7.1;0.32;0.34;14.5;0.039;46.0;150.0;0.995;3.38;0.5;12.5;8
6.6;0.33;0.31;1.3;0.02;29.0;89.0;0.99035;3.26;0.44;12.4;8
9.1;0.27;0.45;10.6;0.035;28.0;124.0;0.997;3.2;0.46;10.4;8
8.1;0.17;0.44;14.1;0.053;43.0;145.0;1.0006;3.28;0.75;8.8;8
8.1;0.17;0.44;14.1;0.053;43.0;145.0;1.0006;3.28;0.75;8.8;8
6.0;0.18;0.31;1.4;0.036;14.0;75.0;0.99085;3.34;0.58;11.1;8
6.6;0.36;0.29;1.6;0.021;24.0;85.0;0.98965;3.41;0.61;12.4;8
7.4;0.24;0.36;2.0;0.031;27.0;139.0;0.99055;3.28;0.48;12.5;8
7.3;0.3;0.34;2.7;0.044;34.0;108.0;0.99105;3.36;0.53;12.8;8
7.5;0.42;0.34;4.3;0.04;34.0;108.0;0.99155;3.14;0.45;12.8;8
7.3;0.25;0.36;2.1;0.034;30.0;177.0;0.99085;3.25;0.4;11.9;8
7.3;0.25;0.36;2.1;0.034;30.0;177.0;0.99085;3.25;0.4;11.9;8
7.3;0.25;0.36;2.1;0.034;30.0;177.0;0.99085;3.25;0.4;11.9;8
7.3;0.21;0.29;1.6;0.034;29.0;118.0;0.9917;3.3;0.5;11.0;8
7.3;0.21;0.29;1.6;0.034;29.0;118.0;0.9917;3.3;0.5;11.0;8
8.1;0.27;0.35;1.7;0.03;38.0;103.0;0.99255;3.22;0.63;10.4;8
7.8;0.18;0.46;12.6;0.042;41.0;143.0;1.0;3.24;0.76;8.5;8
6.9;0.36;0.34;4.2;0.018;57.0;119.0;0.9898;3.28;0.36;12.7;8
6.9;0.12;0.36;2.2;0.037;18.0;111.0;0.9919;3.41;0.82;11.9;8
6.9;0.21;0.28;2.4;0.056;49.0;159.0;0.9944;3.02;0.47;8.8;8
7.1;0.25;0.39;2.1;0.036;30.0;124.0;0.9908;3.28;0.43;12.2;8
7.9;0.28;0.41;2.0;0.044;50.0;152.0;0.9934;3.45;0.49;10.7;8
6.8;0.19;0.32;7.05;0.019;54.0;188.0;0.9935;3.25;0.37;11.1;8
5.2;0.24;0.45;3.8;0.027;21.0;128.0;0.992;3.55;0.49;11.2;8
7.0;0.24;0.32;1.3;0.037;39.0;123.0;0.992;3.17;0.42;11.2;8
5.3;0.24;0.33;1.3;0.033;25.0;97.0;0.9906;3.59;0.38;11.0;8
5.2;0.24;0.45;3.8;0.027;21.0;128.0;0.992;3.55;0.49;11.2;8
7.0;0.15;0.38;2.2;0.047;33.0;96.0;0.9928;3.13;0.39;10.4;8
6.0;0.26;0.42;5.2;0.027;70.0;178.0;0.9914;3.4;0.4;12.3;8
6.1;0.31;0.37;8.4;0.031;70.0;170.0;0.9934;3.42;0.4;11.7;8
6.6;0.21;0.38;2.2;0.026;40.0;104.0;0.9914;3.25;0.4;11.1;8
8.2;0.37;0.36;1.0;0.034;17.0;93.0;0.9906;3.04;0.32;11.7;8
7.2;0.26;0.44;7.1;0.027;25.0;126.0;0.993;3.02;0.34;11.1;8
8.2;0.37;0.36;1.0;0.034;17.0;93.0;0.9906;3.04;0.32;11.7;8
7.5;0.28;0.34;4.2;0.028;36.0;116.0;0.991;2.99;0.41;12.3;8
8.0;0.45;0.36;8.8;0.026;50.0;151.0;0.9927;3.07;0.25;12.7;8
6.8;0.24;0.4;1.8;0.047;34.0;105.0;0.99;3.13;0.49;12.8;8
7.8;0.21;0.39;1.8;0.034;62.0;180.0;0.991;3.09;0.75;12.6;8
7.8;0.29;0.36;7.0;0.042;38.0;161.0;0.9941;3.26;0.37;11.2;8
7.3;0.23;0.37;1.9;0.041;51.0;165.0;0.9908;3.26;0.4;12.2;8
7.3;0.39;0.37;1.1;0.043;36.0;113.0;0.991;3.39;0.48;12.7;8
7.8;0.29;0.36;7.0;0.042;38.0;161.0;0.9941;3.26;0.37;11.2;8
6.8;0.35;0.32;2.4;0.048;35.0;103.0;0.9911;3.28;0.46;12.0;8
7.4;0.4;0.29;5.4;0.044;31.0;122.0;0.994;3.3;0.5;11.1;8
7.1;0.26;0.31;2.2;0.044;29.0;128.0;0.9937;3.34;0.64;10.9;8
8.2;0.22;0.36;6.8;0.034;12.0;90.0;0.9944;3.01;0.38;10.5;8
6.9;0.3;0.33;4.1;0.035;26.0;155.0;0.9925;3.25;0.79;12.3;8
8.0;0.44;0.49;9.1;0.031;46.0;151.0;0.9926;3.16;0.27;12.7;8
8.0;0.34;0.49;9.0;0.033;39.0;180.0;0.9936;3.13;0.38;12.3;8
7.7;0.35;0.49;8.65;0.033;42.0;186.0;0.9931;3.14;0.38;12.4;8
7.0;0.17;0.74;12.8;0.045;24.0;126.0;0.9942;3.26;0.38;12.2;8
7.1;0.26;0.49;2.2;0.032;31.0;113.0;0.9903;3.37;0.42;12.9;8
6.2;0.22;0.49;6.0;0.029;31.0;128.0;0.9928;3.41;0.36;11.3;8
7.1;0.28;0.49;6.5;0.041;28.0;111.0;0.9926;3.41;0.58;12.2;8
6.5;0.13;0.37;1.0;0.036;48.0;114.0;0.9911;3.41;0.51;11.5;8
6.5;0.18;0.34;1.6;0.04;43.0;148.0;0.9912;3.32;0.59;11.5;8
6.5;0.18;0.34;1.6;0.04;43.0;148.0;0.9912;3.32;0.59;11.5;8
6.4;0.15;0.36;1.8;0.034;43.0;150.0;0.9922;3.42;0.69;11.0;8
6.4;0.15;0.36;1.8;0.034;43.0;150.0;0.9922;3.42;0.69;11.0;8
6.9;0.25;0.27;9.05;0.039;37.0;128.0;0.9936;3.27;0.34;11.3;8
7.6;0.2;0.3;14.2;0.056;53.0;212.5;0.999;3.14;0.46;8.9;8
7.6;0.2;0.3;14.2;0.056;53.0;212.5;0.999;3.14;0.46;8.9;8
7.6;0.2;0.3;14.2;0.056;53.0;212.5;0.999;3.14;0.46;8.9;8
7.6;0.2;0.3;14.2;0.056;53.0;212.5;0.999;3.14;0.46;8.9;8
7.6;0.2;0.3;14.2;0.056;53.0;212.5;0.999;3.14;0.46;8.9;8
7.6;0.2;0.3;14.2;0.056;53.0;212.5;0.999;3.14;0.46;8.9;8
6.3;0.41;0.18;3.5;0.027;23.0;109.0;0.99018;3.34;0.54;12.8;8
6.8;0.37;0.28;1.9;0.024;64.0;106.0;0.98993;3.45;0.6;12.6;8
7.7;0.4;0.27;4.5;0.034;27.0;95.0;0.99175;3.21;0.59;12.3;8
6.9;0.15;0.28;4.4;0.029;14.0;107.0;0.99347;3.24;0.46;10.4;8
6.9;0.15;0.28;4.4;0.029;14.0;107.0;0.99347;3.24;0.46;10.4;8
6.8;0.46;0.26;2.7;0.042;28.0;83.0;0.99114;3.38;0.51;12.0;8
7.0;0.28;0.26;1.7;0.042;34.0;130.0;0.9925;3.43;0.5;10.7;8
7.3;0.17;0.24;8.1;0.121;32.0;162.0;0.99508;3.17;0.38;10.4;8
7.3;0.17;0.24;8.1;0.121;32.0;162.0;0.99508;3.17;0.38;10.4;8
8.0;0.13;0.25;1.1;0.033;15.0;86.0;0.99044;2.98;0.39;11.2;8
5.8;0.17;0.34;1.8;0.045;96.0;170.0;0.99035;3.38;0.9;11.8;8
5.8;0.17;0.34;1.8;0.045;96.0;170.0;0.99035;3.38;0.9;11.8;8
5.8;0.315;0.27;1.55;0.026;15.0;70.0;0.98994;3.37;0.4;11.9;8
7.0;0.36;0.32;10.05;0.045;37.0;131.0;0.99352;3.09;0.33;11.7;8
7.0;0.36;0.32;10.05;0.045;37.0;131.0;0.99352;3.09;0.33;11.7;8
7.0;0.36;0.32;10.5;0.045;35.0;135.0;0.9935;3.09;0.33;11.6;8
6.4;0.22;0.32;7.2;0.028;15.0;83.0;0.993;3.13;0.55;10.9;8
5.5;0.15;0.32;14.0;0.031;16.0;99.0;0.99437;3.26;0.38;11.5;8
6.4;0.22;0.32;7.2;0.028;15.0;83.0;0.993;3.13;0.55;10.9;8
6.6;0.29;0.31;3.9;0.027;39.0;96.0;0.99035;3.24;0.6;12.6;8
5.8;0.21;0.32;1.6;0.045;38.0;95.0;0.98946;3.23;0.94;12.4;8
5.2;0.285;0.29;5.15;0.035;64.0;138.0;0.9895;3.19;0.34;12.4;8
6.5;0.44;0.47;5.45;0.014;44.0;137.0;0.98984;3.13;0.32;13.0;8
5.2;0.155;0.33;1.6;0.028;13.0;59.0;0.98975;3.3;0.84;11.9;8
5.6;0.21;0.4;1.3;0.041;81.0;147.0;0.9901;3.22;0.95;11.6;8
5.2;0.155;0.33;1.6;0.028;13.0;59.0;0.98975;3.3;0.84;11.9;8
7.0;0.12;0.29;10.3;0.039;41.0;98.0;0.99564;3.19;0.38;9.8;8
7.0;0.12;0.29;10.3;0.039;41.0;98.0;0.99564;3.19;0.38;9.8;8
7.0;0.12;0.29;10.3;0.039;41.0;98.0;0.99564;3.19;0.38;9.8;8
4.9;0.33;0.31;1.2;0.016;39.0;150.0;0.98713;3.33;0.59;14.0;8
5.5;0.34;0.26;2.2;0.021;31.0;119.0;0.98919;3.55;0.49;13.0;8
6.5;0.35;0.36;0.8;0.034;32.0;111.0;0.98942;3.11;0.5;12.1;8
6.8;0.22;0.31;6.9;0.037;33.0;121.0;0.99176;3.02;0.39;11.9;8
7.1;0.47;0.29;14.8;0.024;22.0;142.0;0.99518;3.12;0.48;12.0;8
7.1;0.47;0.29;14.8;0.024;22.0;142.0;0.99518;3.12;0.48;12.0;8
6.8;0.28;0.43;7.6;0.03;30.0;110.0;0.99164;3.08;0.59;12.5;8
7.0;0.53;0.43;6.1;0.029;6.0;76.0;0.99118;3.08;0.5;12.5;8
6.8;0.28;0.43;7.6;0.03;30.0;110.0;0.99164;3.08;0.59;12.5;8
6.7;0.33;0.36;6.6;0.042;34.0;116.0;0.99123;2.97;0.31;12.2;8
6.7;0.33;0.34;7.5;0.036;39.0;124.0;0.99123;2.99;0.32;12.4;8
6.9;0.36;0.35;8.6;0.038;37.0;125.0;0.9916;3.0;0.32;12.4;8
7.0;0.17;0.36;6.4;0.055;42.0;123.0;0.99318;3.11;0.5;11.0;8
7.1;0.26;0.37;5.5;0.025;31.0;105.0;0.99082;3.06;0.33;12.6;8
5.3;0.3;0.16;4.2;0.029;37.0;100.0;0.9905;3.3;0.36;11.8;8
6.5;0.26;0.31;3.6;0.03;36.0;92.0;0.99026;3.22;0.62;12.6;8
6.6;0.23;0.3;4.6;0.06;29.0;154.0;0.99142;3.23;0.49;12.2;8
5.6;0.12;0.33;2.9;0.044;21.0;73.0;0.98896;3.17;0.32;12.9;8
5.6;0.12;0.33;2.9;0.044;21.0;73.0;0.98896;3.17;0.32;12.9;8
6.1;0.28;0.27;4.7;0.03;56.0;140.0;0.99042;3.16;0.42;12.5;8
6.1;0.28;0.27;4.7;0.03;56.0;140.0;0.99042;3.16;0.42;12.5;8
6.9;0.28;0.3;8.3;0.026;37.0;113.0;0.99139;2.99;0.38;12.3;8
6.3;0.29;0.28;4.7;0.059;28.0;81.0;0.99036;3.24;0.56;12.7;8
6.2;0.28;0.28;4.3;0.026;22.0;105.0;0.989;2.98;0.64;13.1;8
6.6;0.15;0.32;6.0;0.033;59.0;128.0;0.99192;3.19;0.71;12.1;8
6.6;0.15;0.32;6.0;0.033;59.0;128.0;0.99192;3.19;0.71;12.1;8
6.7;0.24;0.3;3.85;0.042;105.0;179.0;0.99189;3.04;0.59;11.3;8
6.6;0.16;0.36;1.1;0.031;27.0;93.0;0.98884;3.23;0.34;13.2;8
6.7;0.24;0.3;3.85;0.042;105.0;179.0;0.99189;3.04;0.59;11.3;8
6.5;0.3;0.27;4.0;0.038;37.0;97.0;0.99026;3.2;0.6;12.6;8
6.2;0.37;0.24;6.1;0.032;19.0;86.0;0.98934;3.04;0.26;13.4;8
6.5;0.3;0.27;4.0;0.038;37.0;97.0;0.99026;3.2;0.6;12.6;8
5.4;0.45;0.27;6.4;0.033;20.0;102.0;0.98944;3.22;0.27;13.4;8
6.2;0.37;0.24;6.1;0.032;19.0;86.0;0.98934;3.04;0.26;13.4;8
6.7;0.28;0.31;7.4;0.041;7.0;81.0;0.99254;3.04;0.47;11.4;8
5.7;0.15;0.47;11.4;0.035;49.0;128.0;0.99456;3.03;0.34;10.5;8
5.4;0.53;0.16;2.7;0.036;34.0;128.0;0.98856;3.2;0.53;13.2;8
5.8;0.32;0.28;4.3;0.032;46.0;115.0;0.98946;3.16;0.57;13.0;8
5.0;0.29;0.54;5.7;0.035;54.0;155.0;0.98976;3.27;0.34;12.9;8
5.4;0.53;0.16;2.7;0.036;34.0;128.0;0.98856;3.2;0.53;13.2;8
5.8;0.32;0.28;4.3;0.032;46.0;115.0;0.98946;3.16;0.57;13.0;8
7.3;0.41;0.29;1.8;0.032;26.0;74.0;0.98889;2.96;0.35;13.0;8
7.0;0.22;0.26;9.2;0.027;37.0;122.0;0.99228;3.06;0.34;12.5;8
7.0;0.22;0.26;9.2;0.027;37.0;122.0;0.99228;3.06;0.34;12.5;8
5.4;0.46;0.15;2.1;0.026;29.0;130.0;0.98953;3.39;0.77;13.4;8
5.4;0.46;0.15;2.1;0.026;29.0;130.0;0.98953;3.39;0.77;13.4;8
6.9;0.22;0.28;7.8;0.05;43.0;116.0;0.99326;3.22;0.6;11.5;8
6.6;0.5;0.26;11.3;0.029;32.0;110.0;0.99302;3.27;0.78;12.9;8
6.5;0.33;0.24;14.5;0.048;20.0;96.0;0.99456;3.06;0.3;11.5;8
6.5;0.43;0.31;3.6;0.046;19.0;143.0;0.99022;3.15;0.34;12.0;8
6.3;0.17;0.32;1.0;0.04;39.0;118.0;0.98886;3.31;0.4;13.1;8
7.1;0.45;0.24;2.7;0.04;24.0;87.0;0.98862;2.94;0.38;13.4;8
7.3;0.19;0.27;13.9;0.057;45.0;155.0;0.99807;2.94;0.41;8.8;8
7.3;0.19;0.27;13.9;0.057;45.0;155.0;0.99807;2.94;0.41;8.8;8
7.3;0.19;0.27;13.9;0.057;45.0;155.0;0.99807;2.94;0.41;8.8;8
7.3;0.19;0.27;13.9;0.057;45.0;155.0;0.99807;2.94;0.41;8.8;8
7.3;0.19;0.27;13.9;0.057;45.0;155.0;0.99807;2.94;0.41;8.8;8
7.3;0.19;0.27;13.9;0.057;45.0;155.0;0.99807;2.94;0.41;8.8;8
7.3;0.19;0.27;13.9;0.057;45.0;155.0;0.99807;2.94;0.41;8.8;8
6.8;0.24;0.29;2.0;0.044;15.0;96.0;0.99232;3.23;0.64;10.4;8
7.3;0.19;0.27;13.9;0.057;45.0;155.0;0.99807;2.94;0.41;8.8;8
5.2;0.3;0.34;1.5;0.038;18.0;96.0;0.98942;3.56;0.48;13.0;8
6.4;0.32;0.25;5.0;0.055;28.0;138.0;0.99171;3.27;0.5;12.4;8
4.4;0.32;0.39;4.3;0.03;31.0;127.0;0.98904;3.46;0.36;12.8;8
3.9;0.225;0.4;4.2;0.03;29.0;118.0;0.989;3.57;0.36;12.8;8
5.8;0.28;0.34;2.2;0.037;24.0;125.0;0.98986;3.36;0.33;12.8;8
